timestamp_utc,date_paris,time_paris,weekday,locker_id,name,address,XS,S,M,XS_ok,S_ok,M_ok,vinted_status
2026-09-30T16:30:26Z,2026-09-30,18:30,Wednesday,127639,Speed Queen Laverie,19 Rue Eugénie Eboué,5+,5+,3,yes,no,no,Low capacity
2026-09-30T16:30:26Z,2026-09-30,18:30,Wednesday,129341,Bio C'bon,64 rue Rivay,5+,5+,5+,no,yes,yes,Low capacity
2026-09-30T20:55:56Z,2026-09-30,22:55,Wednesday,127639,Speed Queen Laverie,19 Rue Eugénie Eboué,5+,5+,3,yes,no,no,Low capacity
2026-09-30T20:55:56Z,2026-09-30,22:55,Wednesday,129341,Bio C'bon,64 rue Rivay,5+,5+,5+,no,no,yes,Low capacity
2026-10-01T00:14:54Z,2026-10-01,02:14,Thursday,127639,Speed Queen Laverie,19 Rue Eugénie Eboué,5+,5+,3,yes,no,no,Low capacity
2026-10-01T00:14:54Z,2026-10-01,02:14,Thursday,129341,Bio C'bon,64 rue Rivay,5+,5+,5+,no,no,yes,Low capacity
2026-10-01T05:54:51Z,2026-10-01,07:54,Thursday,127639,Speed Queen Laverie,19 Rue Eugénie Eboué,5+,5+,3,yes,no,no,Low capacity
2026-10-01T05:54:51Z,2026-10-01,07:54,Thursday,129341,Bio C'bon,64 rue Rivay,5+,5+,5+,no,no,yes,Low capacity
2026-10-01T11:29:32Z,2026-10-01,13:29,Thursday,127639,Speed Queen Laverie,19 Rue Eugénie Eboué,5+,5+,0,yes,yes,yes,Normal
2026-10-01T11:29:32Z,2026-10-01,13:29,Thursday,129341,Bio C'bon,64 rue Rivay,5+,5+,5+,no,no,yes,Low capacity
2026-10-01T11:45:26Z,2026-10-01,13:45,Thursday,127639,Speed Queen Laverie,19 Rue Eugénie Eboué,5+,5+,0,yes,yes,yes,Normal
2026-10-01T11:45:26Z,2026-10-01,13:45,Thursday,129341,Bio C'bon,64 rue Rivay,5+,5+,5+,no,no,yes,Low capacity
2026-10-01T11:56:10Z,2026-10-01,13:56,Thursday,127639,Speed Queen Laverie,19 Rue Eugénie Eboué,5+,5+,0,yes,yes,yes,Normal
2026-10-01T11:56:10Z,2026-10-01,13:56,Thursday,129341,Bio C'bon,64 rue Rivay,5+,5+,5+,no,no,yes,Low capacity
2026-10-01T12:00:55Z,2026-10-01,14:00,Thursday,127639,Speed Queen Laverie,19 Rue Eugénie Eboué,5+,5+,0,yes,yes,yes,Normal
2026-10-01T12:00:55Z,2026-10-01,14:00,Thursday,131435,Leroy Merlin,9 rue Ardoin,0,5+,5+,no,no,no,Normal
2026-10-01T12:15:26Z,2026-10-01,14:15,Thursday,127639,Speed Queen Laverie,19 Rue Eugénie Eboué,5+,5+,0,yes,yes,yes,Normal
2026-10-01T12:15:26Z,2026-10-01,14:15,Thursday,131435,Leroy Merlin,9 rue Ardoin,0,5+,5+,no,no,no,Normal
2026-10-01T12:30:43Z,2026-10-01,14:30,Thursday,127639,Speed Queen Laverie,19 Rue Eugénie Eboué,5+,5+,0,yes,yes,yes,Normal
2026-10-01T12:30:43Z,2026-10-01,14:30,Thursday,131435,Leroy Merlin,9 rue Ardoin,0,5+,5+,no,no,no,Normal
2026-10-01T12:45:27Z,2026-10-01,14:45,Thursday,127639,Speed Queen Laverie,19 Rue Eugénie Eboué,5+,5+,0,yes,yes,yes,Normal
2026-10-01T12:45:27Z,2026-10-01,14:45,Thursday,131435,Leroy Merlin,9 rue Ardoin,0,5+,5+,no,no,yes,Normal
2026-10-01T13:00:52Z,2026-10-01,15:00,Thursday,127639,Speed Queen Laverie,19 Rue Eugénie Eboué,5+,5+,0,yes,yes,yes,Normal
2026-10-01T13:00:52Z,2026-10-01,15:00,Thursday,131435,Leroy Merlin,9 rue Ardoin,0,5+,5+,no,yes,yes,Normal
